Ano_Treino,Ano_Teste,Distancia_Anos,MAE_Geral,ME_Geral,MAPE_Geral,RMSE_Geral,R2_Geral,Raca_MAE_Priv,Raca_MAE_Unpriv,Disp_MAE_Raca,Raca_ME_Priv,Raca_ME_Unpriv,Disp_ME_Raca,Raca_MAPE_Priv,Raca_MAPE_Unpriv,Disp_MAPE_Raca,Gen_MAE_Priv,Gen_MAE_Unpriv,Disp_MAE_Gen,Gen_ME_Priv,Gen_ME_Unpriv,Disp_ME_Gen,Gen_MAPE_Priv,Gen_MAPE_Unpriv,Disp_MAPE_Gen
2014,2014,0,20724.0264907897,-8047.6636857941285,0.8096316843095115,45781.88938321828,0.4034172373756455,21631.66549496706,16214.101937239688,5417.563557727374,-8485.216071850089,-5873.515842265961,2611.7002295841276,0.7871787958779698,0.9211883472656679,0.13400955138769816,25481.512529704247,15549.543512405528,9931.96901729872,-10098.377797041227,-5817.078326467315,4281.299470573911,0.7967745620184628,0.8236328482255664,0.03836146985081853
2014,2015,1,21934.041049977513,-9511.650355770116,0.8265201791454566,49697.68573131166,0.3809686415136329,22828.30472975505,17513.79177540244,5314.512954352609,-9981.436910011378,-7189.545899837555,2791.8910101738243,0.7961620989716376,0.9765769072675216,0.1804148082958838,27181.988822877916,16208.780229131708,10973.208593746209,-12207.919159420448,-6570.149637389969,5637.76952203048,0.8156753971262937,0.8383513192961921,0.0226759221698983
2014,2016,2,22373.841259266093,-10187.519397473681,0.8055471993078479,50380.973783919835,0.37638633588590553,23358.91841496759,17677.273881789122,5681.644533178468,-10729.83852625716,-7601.896216909273,3127.9423093478854,0.7779938039521844,0.9369139425290764,0.15892013857689208,27590.674431996238,16736.465885549802,10854.20854644643,-12970.288229138881,-7180.424487025378,5789.8637421135,0.7983076997208526,0.8133702933839808,0.015062593663128239
2014,2017,3,22633.68453676005,-10410.265238490663,0.818974676627318,51466.31021443552,0.36344683762112534,23496.815296011457,18508.287642403193,4988.527653608264,-10812.171003216314,-8489.327100378965,2322.843902837347,0.7859454297590642,0.9768403893165731,0.19089495955750904,27951.58852374724,16877.641902431376,11073.946621315865,-13409.379483211376,-7164.055923678428,6245.323559532951,0.789087714238767,0.8513240063895764,0.062236292150809405
2014,2018,4,22992.650341316985,-10894.113656511676,0.8317236635693582,52338.03918190273,0.35002159393304116,23934.666491679545,18408.928057652174,5525.738434027376,-11394.478678794947,-8459.405608540814,2935.0730702541337,0.802414176573056,0.9743396352976846,0.17192545872462858,28297.204774747937,17279.681236801698,11017.523537946241,-13996.493831561495,-7552.871274527728,6443.6225570337665,0.8118576093749778,0.8531192690373407,0.041261659662362976
2014,2019,5,38152.12927342211,-36136.86596307484,0.8075416754282186,72486.10526070026,-0.15364648441660902,39839.41531851681,29862.097739650715,9977.3175788661,-37761.47608426158,-28154.7759233469,9606.70016091468,0.7931450098100721,0.8782758655808413,0.08513085577076915,47101.1403649383,28424.25159999181,18676.888764946492,-45254.57633482451,-26225.606467348778,19028.96986747574,0.8101244983287882,0.80473405959537,0.005390438733418175
2014,2021,7,38077.39337841734,-35987.78637934963,0.8527104967229361,70891.20051327927,-0.1635926890275299,40483.06683971573,30768.02249671876,9715.04434299697,-38272.21984446716,-29046.78972301382,9225.430121453352,0.829662313072324,0.9227398357675215,0.09307752269519787,46287.86581695682,29094.268396239673,17193.597420717157,-44369.718216206245,-26817.066686151175,17552.65153005508,0.8569829509642536,0.848035980034927,0.008946970929326533
2014,2022,8,36810.714528451084,-34659.3624848812,0.8502390366340281,69449.86830690932,-0.15441071207767218,38903.56302869275,30353.536619811228,8550.026408881511,-36623.41963956678,-28599.551433542645,8023.86820602414,0.8323909885981042,0.9053065780621833,0.07291558946407944,44700.55049795451,28274.589631352053,16425.960866602458,-42737.266143506444,-25919.764500425506,16817.501643080934,0.8458648716858357,0.8549715074309628,0.009106635745127293
2015,2015,0,21707.559630584834,-8547.452735263885,0.8046207861677608,49252.12526157963,0.3919086379170297,22644.18542611128,17077.720646705824,5566.464779405456,-8970.523991374184,-6455.89548661278,2514.628504761407,0.7806310535855336,0.9232220374096763,0.1425909838241427,26864.242552487256,16081.94667620848,10782.295876278784,-10753.267807608932,-6141.193739568571,4612.07406804036,0.7878964545977973,0.8228738307127731,0.03992542431228988
2015,2016,1,22234.10892145032,-9293.386182980466,0.818886781464028,49931.127383777064,0.3874729317484068,23219.845835853335,17534.39600235083,5685.449833502512,-9784.988809817898,-6949.564842161221,2835.4239676566785,0.7890395515635943,0.9611898746248966,0.17215032306130246,27381.416048854913,16671.86426454492,10709.551784309991,-11539.58916446837,-6866.111061667502,4673.478102800871,0.8169886514861274,0.8209379245309489,0.003949273044821826
2015,2017,2,22512.87836679787,-9473.908215207952,0.8285850304059377,50989.26452385532,0.3751926444679927,23357.78791862765,18474.57107236877,4883.216846258881,-9842.652072948335,-7711.46984856382,2131.182224384513,0.7981891153888303,0.9738645399920233,0.17567542460319283,27804.94176205924,16784.80531372412,11020.13644833513,-11900.61799860904,-6847.263392627618,5053.354605981423,0.7991593100581896,0.8604351166959359,0.0612758066377463
2015,2018,3,22982.71185603456,-10056.395525301454,0.8467618234824872,52353.56957568353,0.34963601875634104,23920.473326307507,18419.6922661921,5500.781060115406,-10502.427908227291,-7886.062700257663,2616.3652079696312,0.8186915486280214,0.9833479577111709,0.16465640908314946,28330.604948554836,17223.06730996888,11107.537638585967,-12707.522018305195,-7201.150294667427,5506.371723637771,0.8269040435694058,0.8681485176056956,0.041244474036289655
2015,2019,4,37898.15028155292,-35905.87516315982,0.8075266933172479,71794.0710623914,-0.1317210049294615,39467.53656387216,30187.387896645847,9280.148667226329,-37453.89232901625,-28300.104252484776,9153.788076531471,0.7882080041050998,0.9024439382179773,0.11423593411287758,47147.99826874487,27843.252729516942,19304.745539227926,-45076.30865395786,-25937.303854159745,19139.004799798106,0.8042114766817899,0.8111304459063162,0.006918969224526117
2015,2021,6,37896.35838978486,-35857.633876798805,0.8557865293969992,70381.41633208648,-0.14691484858993345,40056.70740750266,31332.37850704139,8724.328900461252,-37919.93557144424,-29591.559865248157,8328.375706196077,0.8219437921603927,0.9586139172756176,0.1366701251152252,46472.956348961336,28512.653375743397,17960.302973217935,-44359.18556808857,-26556.037414843555,17803.148153245027,0.8532776366747787,0.858531523312915,0.005442153148878008
2015,2022,7,36558.4450864045,-34427.88509708088,0.8461447169579679,68873.70728491432,-0.13533346253136225,38406.84318126097,30855.48314572841,7551.360035532572,-36184.8547368008,-29007.012280706214,7177.842456094585,0.8228452239810042,0.9180318943222101,0.09518667034120581,44843.834131968506,27594.36573325141,17249.468398717094,-42627.79460540888,-25556.287261770853,17071.50734363803,0.8401041967467694,0.8526800410338483,0.01257584428707907
2016,2016,0,22068.915002033118,-8671.40744010698,0.7925702966072579,49640.777189390785,0.3944862193070828,23085.74399177911,17221.064185216186,5864.679806562924,-9151.8673024412,-6380.831274698133,2771.036027743067,0.7704593785330737,0.8979735311321039,0.1275141525990303,27210.621721007206,16512.638422889064,10697.98329811815,-10831.332248461045,-6337.32505638844,4494.007192072603,0.7810727910424071,0.8049819711693245,0.03280147826726664
2016,2017,1,22453.000506479046,-8878.011196381265,0.8415891019286376,50754.28509286805,0.38093814217493177,23299.09565704126,18409.026555779958,4890.069101261307,-9243.395916548494,-7131.6280746272905,2111.7678419212034,0.8091535962144906,0.9966169851384673,0.18746338892397665,27706.384884682306,16766.793209497406,10939.591675184902,-11220.008899138105,-6343.057827618858,4876.951071519246,0.8107594617022761,0.8749587761420468,0.06419931443977062
2016,2018,2,22886.727421605392,-9338.561022363569,0.8580816131330212,51800.96763246581,0.3632928649133009,23852.950365108456,18185.2181795201,5667.732185588356,-9756.169883944216,-7306.533180859612,2449.6367030846036,0.8271283699043275,1.0086958788061218,0.18156750890179404,28135.41304737392,17233.92864356841,10901.484403805513,-11761.178588362884,-6729.418354435795,5031.76023392709,0.8348271000045284,0.8831265658638947,0.048299465859366154
2016,2019,3,41338.832883859126,-40357.73235627784,0.8222648005918638,75564.03167216895,-0.253685916761737,43190.29465700346,32242.16754512727,10948.127111876187,-42233.03704777274,-31143.92117522847,11089.115872544266,0.8099195869312473,0.8829197267883969,0.07300013985714936,51406.11787870731,30395.353662307374,21010.764216399934,-50539.06805020831,-29290.27616812097,21248.791882087346,0.8332956132736012,0.8102739341923137,0.023021679081287563
2016,2021,5,41137.66342163542,-40070.591862368754,0.8607763786332611,73934.46525307969,-0.26562409609533044,43747.72711472571,33207.27558447809,10540.451530247625,-42698.26985160233,-32086.68494816194,10611.58490344039,0.8380391095045686,0.9298610385309144,0.09182192902634569,50399.344383185045,31004.40516573709,19394.939217447954,-49446.752109509514,-29812.08116356492,19634.670945944603,0.8666530230630123,0.8543467082600344,0.012306314802977721
2016,2022,6,39790.530858066995,-38692.51613355672,0.8545141765509388,72410.39565623643,-0.25491322178136144,42057.48824815955,32796.16543818912,9261.322809970421,-40982.09191540293,-31628.364974508637,9353.726940894292,0.8366726543943279,0.9095615833330696,0.07288892893874159,48731.28117712459,30117.406892974333,18613.874284150257,-47777.114326000315,-28863.76112389594,18913.353202104376,0.8515221596978145,0.8577512818153846,0.006329170151960887
2017,2017,0,22318.293182838668,-8829.176109893753,0.8001044007989384,50845.41771676037,0.3786093238059113,23196.06632315394,18122.849979368864,5073.216343785074,-9238.21990716157,-6873.828324889405,2364.391582272164,0.774244573278302,0.9237271297014896,0.1494825564231877,27625.757101721898,16573.502605175625,11052.25449654627,-11085.171597127463,-6387.136434783604,4698.035162343857,0.7701631321530241,0.8325068256039982,0.06275040048081419
2017,2018,1,22927.418212105986,-9481.589170589948,0.8615897812164413,52164.63534374844,0.35432165535165644,23855.654271312604,18410.747975137165,5444.906296175433,-9945.654411007223,-7223.510917094811,2722.1434939124115,0.830552390748956,1.0126134958925228,0.1820611051435666,28289.996821525798,17151.95746406073,11138.03935746506,-11918.243195269644,-6857.329331977224,5060.913863292417,0.8537979469502431,0.8699815338111075,0.01618358686086411
2017,2019,2,34281.458901963866,-31183.594443816244,0.7982382743082349,66625.93103458436,0.02534042445476514,35747.02580214492,27080.785457959515,8666.240344185415,-32650.32018379264,-23977.22734847522,8673.09283531742,0.7752930696850634,0.9109734388216442,0.13568036913658074,42181.673013395346,25693.65901167537,16488.01400171997,-38904.045155964,-22791.20344737187,16112.841708592132,0.7964908910343848,0.8001377390158747,0.003723136889975054
2017,2021,4,34052.53736406206,-30792.46170006837,0.849665345451352,65067.07907369197,0.01974157552080074,36086.311071263524,27873.142465072207,8213.168606191319,-32752.411909370345,-24837.37127739777,7915.040631972572,0.8211311310306699,0.9363633779873674,0.11523224695669752,41265.142246354924,26161.184997957884,15103.957248397053,-37789.37816006893,-23137.095273770232,14652.282886298704,0.8490029617350024,0.8503900632741898,0.002235361897091648
2017,2022,5,32819.5420888778,-29410.528227892526,0.8401018790733535,63757.32024989048,0.027076376095576334,34597.29210551622,27334.554459244697,7262.737646271515,-31142.16409703522,-24067.81905484657,7074.345042188646,0.8064682316562701,0.9438735782973995,0.13740534664112933,39753.011752120845,25318.123397227268,14434.88835489358,-36110.601564885066,-22161.624315902725,13948.97724898234,0.8333058960620184,0.8474545490157387,0.014148652953720383
2018,2018,0,22581.952644175126,-9039.117892186458,0.8239190639548128,51279.61893468911,0.37595676592235866,23553.488673407093,17854.32685563764,5699.161817769457,-9501.866001448763,-6787.344384801085,2714.521616647676,0.8015940996562713,0.9325968965855866,0.1310027969293155,27801.55097164993,16960.784608620073,10840.766363029856,-11337.950904670437,-6563.853883304646,4774.097021365792,0.8059860278421713,0.8432480515396145,0.04915917868898568
2018,2019,1,37954.18249254624,-36072.8951859016,0.8290611437144203,72069.80138193005,-0.14043714561332546,39791.26573494962,28928.1622430679,10863.103491881719,-37976.07432307372,-26722.13032451903,11253.943998554694,0.8082366564174307,0.9313767272922935,0.12314007087486273,47179.49232356366,27925.95874604658,19253.53357751708,-45437.645653759915,-25893.094751875054,19544.550901884868,0.8349545636764683,0.822654796925633,0.01229976675083525
2018,2021,3,37649.39358147068,-35646.00001288026,0.8750834923615403,70294.93687999716,-0.144105157304316,40238.111271925845,29783.863195921815,10454.248076004038,-38316.144509878635,-27533.06334451221,10783.081165366415,0.8445395474737469,0.967887867089333,0.12334831961558622,46093.13455481593,28411.04815756379,17682.08639725212,-44209.62263586538,-26276.49138857948,17933.131247285903,0.8791294820074557,0.870656751886138,0.008472730121317695
2018,2022,4,36312.10968588137,-34241.29694496446,0.8777431320701254,68750.9669169573,-0.13129702584179065,38559.43255345772,29378.32371311765,9181.108840340068,-36567.33635365364,-27064.642599139057,9502.693754514583,0.8464077077768839,0.9744240000263162,0.12801629224943245,44438.6448002455,27519.89664304936,16918.748157196143,-42516.46833868332,-25288.272213560456,17228.196125122864,0.8773733437899937,0.8781432112298048,0.0021889004060292
2019,2019,0,23538.748840171924,-9353.746238448233,0.8340981474339372,53026.227389010244,0.3825361641200883,24512.675712818706,18753.898545891974,5758.777166926729,-9805.20384388714,-7135.716702563863,2669.48714132328,0.8045218897393671,0.9794300872454624,0.17490819750609532,28993.374641554572,17609.450147799846,11383.924493754726,-11707.811811579546,-6794.8493978136485,4912.9624137658975,0.8240592157831038,0.8450048921595439,0.03947839100290899
2019,2021,2,23851.345548725145,-8916.271765502728,0.9652152128857291,51960.351914580664,0.37489639506460615,25207.845959431623,19729.770130223133,5478.075829208491,-9342.223407348847,-7622.065141865067,1720.15826548378,0.9156293167723462,1.1158764356264392,0.20024711885409305,28949.065432266296,18273.900988649577,10675.164443616726,-10896.519191907524,-6749.671699527189,4146.847492380336,0.9660929878844844,0.9642548342255394,0.002039699087618459
2019,2022,3,23402.11436474114,-7539.80093049196,0.9698711836981694,51383.2160824421,0.36809554382734133,24606.165023989844,19687.19218242061,4918.9728415692325,-7741.147713000386,-6918.574885778741,822.5728272216434,0.9265102981264417,1.1036548533620223,0.17714455523558048,28320.804345335033,18080.51424951066,10240.290095824366,-9283.888807943169,-5652.847638815748,3631.0411691274217,0.947604055714112,0.9939623037552022,0.04635824804109023
2021,2021,0,23642.857269412445,-9608.617027862523,0.9123653853696092,52009.570069138674,0.3736074960599644,25086.20924612733,19257.099391617332,5829.109854509996,-10230.560942637698,-7718.676620006511,2511.884322631188,0.8699097207987411,1.0413865930641075,0.17147687226536604,28665.47623970451,18147.821802698913,10517.654437005594,-11823.88501574112,-7185.191452476675,4638.693563264444,0.9002844424744592,0.9255699269785075,0.038104922578222004
2021,2022,1,23288.33602753783,-8260.947214842694,0.9733404228340701,51377.29080627046,0.3682412954327648,24503.880512670465,19537.95132675267,4965.9291859178,-8650.574577288517,-7058.808982143922,1591.7655951445952,0.9223199955870377,1.1307564879103842,0.20843649232334663,28173.312659730378,18003.210859792398,10170.101799937975,-10242.450148058082,-6117.131223322254,4125.318924735828,0.9488916434947671,0.9997919022854282,0.050900258790661304
2022,2022,0,23049.36060534415,-9406.012006639541,0.9001841432318272,51546.44326900915,0.3639677563545629,24313.74362212431,19148.02833244438,5165.715289679934,-9970.729043740434,-7663.420108377169,2307.308935363265,0.8636917892767396,1.012831799245189,0.1491400099684489,27886.113913099347,17816.1970634025,10069.91684969685,-11552.76202187141,-7083.311560978132,4469.450460893278,0.8644555358643817,0.938836777025035,0.07613420460760639
